漢字,臺羅,頻次nc,,,
oo-tóo-bái,oo1-too2-bai2,11,,摩托車,機車
oo-bá-sáng,oo1-ba2-sang2,9,,歐巴桑,
khà-sàng,kha3-sang3,6,,媽媽,母親
gì-tà,gi3-ta3,7,,吉他,
查某𡢃仔,tsa1-boo2-kan2-a2,6,,丫鬟,女婢
厝邊頭尾,tshu3-pinn1-thau5-bue2,11,,左鄰右舍,
柑仔蜜豬,kam1-a2-bit8-ti1,10,卡通人物名,,
相思仔花,siunn1-si1-a2-hue1,10,,,
番薯之聲,han1-tsi5-tsi1-siann1,9,,番薯之聲,
規家伙仔,kui1-ke1-hue2-a2,9,,整家人,
菩薩娘娘,phoo5-sat4-niu5-niu5,9,,菩薩娘娘,
天公伯仔,thinn1-kong1-peh4-a2,9,,老天爺,
一陣一陣,tsit8-tsun7-tsit8-tsun7,9,,一陣一陣,
猴死囡仔,kau5-si2-gin2-a2,8,,小兔崽子,
崁頭崁面,kham3-thau5-kham3-bin7,8,,,
平常時仔,ping5-siong5-si5-a2,8,,平常,
喙笑目笑,tshui3-tshio3-bak8-tshio3,8,,眉開眼笑,
一點點仔,tsit8-tiam2-tiam2-a2,8,,一點點,
五花十色,goo7-hue1-tsap8-sik4,7,,五花十色,
_xDD0A__xD857_仔店,kam2-a2-tiam3,7,,雜貨店,
閃閃爍爍,siam2-siam2-sih4-sih4,7,,閃閃爍爍,
水梨仔鳥,tsui2-lai5-a2-tsiau2,7,卡通人物名,,
大大細細,tua7-tua7-se3-se3,7,,大大小小,
矮仔冬瓜,e2-a2-tang1-kue1,6,,矮冬瓜,
下跤手人,e7-kha1-tshiu2-lang5,6,,手下,
兇兇狂狂,hiong1-hiong1-kong5-kong5,6,,慌慌張張,
姑不而將,koo1-put4-ji5-tsiong1,6,,不情不願,
不可思議,put4-kho2-su1-gi7,6,,不可思議,
無法度,bo5-huat4-too7,86,,沒有辦法,
_xDC68__xD861_迌,tshit4-tho5,81,,玩,遊玩
魔神仔,moo5-sin5-a2,68,,鬼,幽靈
閩南語,ban5-lam5-gi2,63,,閩南語,
按呢生,an2-ne1-senn1,61,,這樣子,這個地步
好好仔,ho2-ho2-a2,49,,好好的,
peh,peh4,48,,,
會記得,e7-ki3-tit4,42,,記得,
遮爾仔,tsiah4-ni7-a2,31,,這麼的,
_xDC95__xD842_早,gau5-tsa2,27,,早安,
無的確,bo5-tik4-khak4,23,,說不定,
烏白來,oo1-peh8-lai5,23,,亂來,
沓沓仔,tauh8-tauh8-a2,23,,慢慢的,
頭家娘,thau5-ke1-niu5,22,,老闆娘,
菜市仔,tshai3-tshi7-a2,22,,菜市場,
兄妹仔,hiann1-mue7-a2,19,,兄妹,
火金蛄,hue2-kim1-koo1,19,,螢火蟲,
慢慢仔,ban7-ban7-a2,18,,慢慢的,
貓頭鳥,niau1-thau5-tsiau2,17,,貓頭鷹,
先生娘,sian1-sinn1-niu5,15,,醫生太太,
笑咪咪,tshio3-bi5-bi5,15,,笑咪咪,
一下仔,tsit8-e7-a2,15,,一下子,
崗山仔,kang1-suann1-a2,14,,崗山仔,
苦瓜封,khoo2-kue1-hong1,14,,苦瓜封,
洗身軀,se2-sin1-khu1,14,,洗澡,
身軀頂,sin1-khu1-ting2,14,,身上,
序大人,si7-tua7-lang5,14,,長輩,
五日節,goo7-jit8-tseh4,13,,端午節,
歇睏日,hioh4-khun3-jit8,13,,休息日,
想袂到,siunn7-be7-kau3,13,,想不到,
臺灣人,tai5-uan5-lang5,13,,臺灣人,
試看覓,tshi3-khuann3-mai7,13,,試試看,
笑咍咍,tshio3-hai1-hai1,13,,笑呵呵,
做生理,tso3-sing1-li2,13,,做生意,
大頭仔,tua7-thau5-a2,13,,,
紅記記,ang5-ki3-ki3,12,,紅通通,
無路用,bo5-loo7-ing7,12,,沒用,
圓箍仔,inn5-khoo1-a2,12,,圓圈,
狗仔囝,kau2-a2-kiann2,12,,小狗,
門口埕,mng5-khau2-tiann5,12,,門庭,
澹糊糊,tam5-koo5-koo5,12,,濕漉漉,
千里眼,tshian1-li2-gan2,12,,千里眼,
禮拜日,le2-pai3-jit8,11,,禮拜日,
布袋戲,poo3-te7-hi3,11,,布袋戲,
四秀仔,si3-siu3-a2,11,,零食,
冬山河,tang1-suann1-ho5,11,,冬山河,
長頷鹿,tng5-am7-lok8,11,,長頸鹿,
昭慶寺,tsiau1-khing3-si7,11,,昭慶寺,
運動會,un7-tong7-hue7,11,,運動會,
翁仔某,ang1-a2-boo2,10,,夫妻,
阿婆仔,a1-po5-a2,10,,阿婆,
無細膩,bo5-se3-ji7,10,,不小心,
囡仔兄,gin2-a2-hiann1,10,,小朋友,
彼當陣,hit4-tang1-tsun7,10,,那時候,
虎豹母,hoo2-pa3-bu2,10,,惡婆娘,
猴囡仔,kau5-gin2-a2,10,,小兔崽子,
跤頭趺,kha1-thau5-u1,10,,膝蓋,
輕輕仔,khin1-khin1-a2,10,,輕輕的,
金金看,kim1-kim1-khuann3,10,,盯,注視
攬牢牢,lam2-tiau5-tiau5,10,,抱緊緊,
擂臺主,lui5-tai5-tsu2,10,,擂臺主,
死囡仔,si2-gin2-a2,10,,,
小朋友,sio2-ping5-iu2,10,,小朋友,
相借問,sio1-tsioh4-mng7,10,,,
順風耳,sun7-hong1-ni2,10,,順風耳,
太武山,thai3-bu2-suann1,10,,太武村,
菜蔬村,tshai3-se1-tshuan1,10,,,
青紅燈,tshenn1-ang5-ting1,10,,紅綠燈 ,
自按呢,tsu7-an2-ne1,10,,,
運動埕,un7-tong7-tiann5,10,,運動場,
五虎山,goo7-hoo2-suann1,9,,五虎山,
彼當時,hit4-tong1-si5,9,,哪當時,
日本人,jit8-pun2-lang5,9,,日本人,
口服液,khau2-hok8-ik8,9,,口服液,
苦毒丸,khoo2-tok8-uan5,9,,,
老大人,lau7-tua7-lang5,9,,老年人,
馬鈴薯,ma2-ling5-tsi5,9,,馬鈴薯,
咇咇掣,phih8-phih8-tshuah4,9,,打哆嗦,
踅踅唸,seh8-seh8-liam7,9,,碎碎念,
心肝內,sim1-kuann1-lai7,9,,內心裡,
小金英,sio2-kim1-ing1,9,,,
打馬膠,ta2-ma2-ka1,9,,柏油,
霆雷公,tan5-lui5-kong1,9,,打雷,
窗仔門,thang1-a2-mng5,9,, 窗戶,
偷偷仔,thau1-thau1-a2,9,, 偷偷地,
恬恬仔,tiam7-tiam7-a2,9,,靜靜的,
樹仔頂,tshiu7-a2-ting2,9,,樹上,
樹葉仔,tshiu7-hioh8-a2,9,,樹葉,
萬萬歲,ban7-ban7-sue3,8,,萬萬歲,
覕相揣,bih4-sio1-tshue7,8,,捉迷藏,
肩胛頭,king1-kah4-thau5,8,,,
橋仔頭,kio5-a2-thau5,8,,橋頭,
講白賊,kong2-peh8-tshat8,8,,說謊,
鼓仔燈,koo2-a2-ting1,8,,燈籠,
歌仔戲,kua1-a2-hi3,8,,歌仔戲,
不得已,put4-tik4-i2,8,,不得已,
賽關公,sai3-kuan1-kong1,8,,,
少棒隊,siau3-pang7-tui7,8,,少棒隊,
太陽花,thai3-iong5-hue1,8,,向日葵,
土地公,thoo2-ti7-kong1,8,,土地公,
樹仔跤,tshiu7-a2-kha1,8,,樹下,
姊妹仔,tsi2-mue7-a2,8,,姊妹,
石頭輪,tsioh8-thau5-lian2,8,,石頭輪,
一站仔,tsit8-tsam7-a2,8,,一陣子,
總舖師,tsong2-phoo3-sai1,8,,廚師,
水筆仔,tsui2-pit4-a2,8,,水筆仔,
衛生所,ue7-sing1-soo2,8,,衛生所,
哎喲喂,ai1-io7-ue5,7,,哎喲喂,
阿里山,a1-li2-san1,7,,阿里山,
掩紋土,am1-bun5-thoo5,7,,水泥,
暗頭仔,am3-thau5-a2,7,,,
安全帽,an1-tsuan5-bo7,7,,安全帽,
玉蘭花,giok8-lan5-hue1,7,,玉蘭花,
原子筆,guan5-tsu2-pit4,7,,原子筆,
火車頭,hue2-tshia1-thau5,7,,火車站,
日月潭,jit8-guat8-tham5,7,,日月潭,
日頭光,jit8-thau5-kng1,7,,陽光,
計程車,ke3-thing5-tshia1,7,,計程車,
寬寬仔,khuann1-khuann1-a2,7,,,
驚見笑,kiann1-kian3-siau3,7,,害羞,
高麗菜,ko1-le5-tshai3,7,,高麗菜,
乖乖仔,kuai1-kuai1-a2,7,,乖乖的,
瘦猴仔,san2-kau5-a2,7,,瘦皮猴,
當時仔,tang1-si5-a2,7,, 當時,
倒轉來,to3-tng2-lai5,7,, 回來,
走相逐,tsau2-sio1-jiok4,7,,賽跑,
青青青,tshenn1-tshenn1-tshenn1,7,,,
市議員,tshi7-gi7-uan5,7,,市議員,
笑笑仔,tshio3-tshio3-a2,7,,笑笑的,
鳥仔囝,tsiau2-a2-kiann2,7,, 幼鳥,
這世人,tsit4-si3-lang5,7,,這輩子,
作穡人,tsoh4-sit4-lang5,7,,農夫,
暗時仔,am3-si5-a2,6,,晚上,
無尾熊,bo5-bue2-him5,6,,無尾熊,
無尾熊,bo5-bue2-him5,6,,,
墓仔埔,bong7-a2-poo1,6,,墓場,
某乜人,boo2-mi2-lang5,6,,某人,
無代誌,bo5-tai7-tsi3,6,,沒事,
矮靈祭,e2-ling5-tse3,6,,矮靈祭,
彼時陣,hit4-si5-tsun7,6,,那時候,
柑仔蜜,kam1-a2-bit8,6,,番茄,
溪仔水,khe1-a2-tsui2,6,,溪水,
強力鎖,kiong5-lik8-so2,6,,強力鎖,
救護車,kiu3-hoo7-tshia1,6,,救護車,
古早味,koo2-tsa2-bi7,6,,,
冷吱吱,ling2-ki1-ki1,6,,冷颼颼,
媽祖婆,ma2-tsoo2-po5,6,,媽祖婆,
滿四界,mua2-si3-ke3,6,,到處都是,
白翎鷥,peh8-ling7-si1,6,,白鷺鷥,
拍噗仔,phah4-phok8-a2,6,, 鼓掌,
半暝仔,puann3-me5-a2,6,, 半夜,
少年人,siau3-lian5-lang5,6,,少年人,
惜命命,sioh4-mia7-mia7,6,,,
大港埔,tai7-kang2-poo1,6,,,
中秋節,tiong1-tshiu1-tseh4,6,,中秋節,
中洲仔,tiong1-tsiu1-a2,6,,,
治嗽散,ti7-sau3-san2,6,,治嗽散,
得人疼,tit4-lang5-thiann3,6,,,
倒轉去,to3-tng2-khi3,6,,回去,
㴙㴙滴,tshap8-tshap8-tih4,6,,,
一个仔,tsit8-e5-a2,6,,一下子,
一睏仔,tsit8-khun3-a2,6,,一陣子,
準拄煞,tsun2-tu2-suah4,6,,算了,
in,in1,398,,他們,他
阿媽,a1-ma2,344,,奶奶,
囡仔,gin2-a2,332,,小孩,
看著,khuann3-tioh8,218,, 看到,
想欲,siunn7-beh4,212,,想要,
臺灣,tai5-uan5,201,,臺灣,
阿公,a1-kong1,136,,爺爺,
拜託,pai3-thok4,105,,拜託,
遮爾,tsiah4-ni7,103,, 這麼,
為著,ui7-tioh8,103,,為了,
毋著,m7-tioh8,101,,不對 ,
哎唷,aih4-ioh4,93,,哎唷,
猶未,iau2-bue7,87,, 還沒,
第二,te7-ji7,86,,第二,
佮意,kah4-i3,81,, 喜歡,
爸爸,pa2-pah4,81,,爸爸,
入去,jip8-khi3,79,,進去,
??,tshua7,79,,帶,
第三,te7-sann1,78,,第三,
好食,ho2-tsiah8,75,, 好吃,
著愛,tioh8-ai3,75,,,
??,gau5,70,,,
阿桂,a1-kui3,69,,,
拍拚,phah4-piann3,69,,努力,
轉去,tng2-khi3,69,,回去,
變做,pian3-tso3,62,,變做,
故鄉,koo3-hiong1,61,,故鄉,
心內,sim1-lai7,60,,心裡,
姑娘,koo1-niu5,59,,姑娘,
失禮,sit4-le2,57,,失禮 ,
第四,te7-si3,56,,第四,
想著,siunn7-tioh8,55,, 想到,
第五,te7-goo7,55,,第五,
小等,sio2-tan2,54,, 稍等,
落雨,loh8-hoo7,52,,下雨,
透早,thau3-tsa2,52,,,
遮的,tsia1-e5,50,,,
過來,kue3-lai5,49,,過來,
呵咾,o1-lo2,49,,誇獎,
想講,siunn7-kong2,46,,想說,
一寡,tsit8-kua2,44,,一些,
塗豆,thoo5-tau7,43,,土豆,
阿婆,a1-po5,42,,,
小姐,sio2-tsia2,42,,小姐,
再會,tsai3-hue7,42,,,
月娘,gueh8-niu5,41,, 月亮,
轉來,tng2-lai5,40,, 回來,
十二,tsap8-ji7,39,,,
澎湖,phinn5-oo5,38,,澎湖,
大人,tua7-lang5,38,,大人,
弘毅,hong5-ik4,37,,,
強欲,kiong7-beh4,37,,,
日本,jit8-pun2,36,,日本,
寶島,po2-to2,36,,寶島,
素蘭,soo3-lan5,36,,,
阿伯,a1-peh4,35,,,
袂曉,be7-hiau2,34,,不會,
可惡,kho2-onn3,34,,可惡,
保庇,po2-pi3,34,,保佑,
小妹,sio2-mue7,34,,小妹,
番薯,han1-tsi5,32,,番薯,
好耍,ho2-sng2,32,, 好玩,
干樂,kan1-lok8,32,, 陀螺,
萱姑,suan1-koo1,31,,,
有時,u7-si5,31,,,
阿姑,a1-koo1,30,, 姑媽,
魚仔,hi5-a2,30,,魚,
雲州,hun5-tsiu1,30,,,
入來,jip8-lai5,30,,進來,
講著,kong2-tioh8,30,,,
一百,tsit8-pah4,30,,一百,
當做,tong3-tso3,29,,當做,
庄跤,tsng1-kha1,29,,鄉下,
鵁鴒,ka1-ling7,28,,,
鳥鼠,niau2-tshi2,28,, 老鼠,
熟似,sik8-sai7,28,, 相識,
相招,sio1-tsio1,28,,,
臺語,tai5-gi2,28,,臺語,
跳舞,thiau3-bu2,28,,跳舞,
親情,tshin1-tsiann5,28,,親戚,
食飽,tsiah8-pa2,28,,吃飽,
食飯,tsiah8-png7,28,, 吃飯,
哎喲,ai1-io7,27,,哎喲,
佳哉,ka1-tsai3,27,,好在,
見笑,kian3-siau3,27,,,
今夜,kim1-ia7,27,,今晚,
孤單,koo1-tuann1,27,,孤單,
厝邊,tshu3-pinn1,27,,鄰居,
哎啊,aih4-ah4,26,,哎啊,
無夠,bo5-kau3,26,, 不夠,
山頂,suann1-ting2,26,, 山頂,
再見,tsai3-kian3,26,,再見,
金門,kim1-mng5,25,,金門,
紅豆,ang5-tau7,24,,紅豆,
彼號,hit4-lo7,24,,那個,
救人,kiu3-lang5,24,,救人,
杜蚓,too7-kun2,24,, 蚯蚓,
十八,tsap8-peh4,24,,十八,
美國,bi2-kok4,23,,美國,
散步,san3-poo7,23,,散步,
爽快,song2-khuai3,23,,爽快,
思念,su1-liam7,23,,思念,
阿魯,a1-loo2,22,,,
風吹,hong1-tshue1,22,,風箏,
花田,hua1-tian5,22,,,
交代,kau1-tai3,22,,交代,
來到,lai5-kau3,22,,來到,
小可,sio2-khua2,22,,稍微,
揣著,tshue7-tioh8,22,,找到,
阿英,a1-ing1,21,,,
肉粽,bah4-tsang3,21,,肉粽,
救命,kiu3-mia7,21,,救命,
歌聲,kua1-siann1,21,,歌聲,
世間,se3-kan1,21,,世間,
心愛,sim1-ai3,21,,心愛,
新婦,sin1-pu7,21,, 媳婦,
第七,te7-tshit4,21,,第七,
特派,tik8-phai3,21,,特派,
插播,tshah4-poo3,21,,插播,
阿舅,a1-ku7,20,, 舅舅,
阿姆,a1-m2,20,,伯母,
阿叔,a1-tsik4,20,, 叔叔,
好命,ho2-mia7,20,,好命,
黃昏,hong5-hun1,20,,黃昏,
花蕊,hue1-lui2,20,,花蕊,
骨力,kut4-lat8,20,,勤勞,
妹妹,me10meh4,20,,妹妹,
生做,senn1-tso3,20,,長得,
湯匙,thng1-si5,20,,湯匙,
肚臍,too7-tsai5,20,,肚臍,
袂赴,be7-hu3,19,,來不及,
尾溜,bue2-liu1,19,,,
海湧,hai2-ing2,19,,海浪,
遐的,hia1-e5,19,,那些,
狗蟻,kau2-hia7,19,,螞蟻,
氣象,khi3-siong7,19,,氣象,
恭喜,kiong1-hi2,19,,恭喜,
毋驚,m7-kiann1,19,, 不怕,
芳味,phang1-bi7,19,,香味,
俗語,siok8-gi2,19,,俗語,
相爭,sio1-tsenn1,19,,相爭,
第六,te7-lak8,19,,,
田園,tshan5-hng5,19,,田園,
出海,tshut4-hai2,19,,出海,
阿玉,a1-giok8,18,,,
阿賢,a1-hian5,18,,,
阿姊,a1-tsi2,18,, 姊姊,
無情,bo5-tsing5,18,,無情,
葉仔,hioh8-a2,18,, 葉子,
好天,ho2-thinn1,18,, 好天氣,
緣投,ian5-tau5,18,,英俊,
落山,loh8-suann1,18,,下山,
名聲,mia5-siann1,18,,名聲,
陛下,pe3-ha7,18,,陛下,
聽眾,thiann1-tsiong3,18,,聽眾,
千歲,tshian1-sue3,18,,千歲,
創治,tshong3-ti7,18,,捉弄,
怨嘆,uan3-than3,18,,,
紅柿,ang5-khi7,17,,柿子,
沿路,ian5-loo7,17,,沿路,
認明,jin7-bing5,17,,認明,
江湖,kang1-oo5,17,,江湖,
行過,kiann5-kue3,17,,,
路邊,loo7-pinn1,17,,路邊,
麻糍,mua5-tsi5,17,,,
烏烏,oo1-oo1,17,,黑黑,
西河,se1-ho5,17,,,
東榮,tang1-ing5,17,,,
十五,tsap8-goo7,17,,十五,
清司,tshing1-si1,17,,,
庄頭,tsng1-thau5,17,,村子口,
做伴,tso3-phuann7,17,,做伴,
遵命,tsun1-bing7,17,,遵命,
拄仔,tu2-a2,17,,剛才,
鉛筆,ian5-pit4,16,,鉛筆,
庸兒,iong5-ji5,16,,,
有孝,iu2-hau3,16,,孝順,
開花,khui1-hue1,16,,開花,
光頭,kng1-thau5,16,,光頭,
君子,kun1-tsu2,16,,君子,
內山,lai7-suann1,16,,深山,
男兒,lam5-ji5,16,,,
娘娘,niu5-niu5,16,,娘娘,
西瓜,si1-kue1,16,,西瓜,
冬節,tang1-tseh4,16,,冬至,
第八,te7-peh4,16,,第八,
天光,thinn1-kng1,16,, 天亮,
長長,tng5-tng5,16,,,
振作,tsin2-tsok4,16,,振作,
冤家,uan1-ke1,16,,,
紅龜,ang5-ku1,15,,,
萬歲,ban7-sue3,15,,萬歲,
月光,gueh8-kng1,15,,月光,
形影,hing5-iann2,15,,形影,
香芳,hiunn1-phang1,15,,香的香味,
勇健,iong2-kiann7,15,,健康,
楊桃,iunn5-to5,15,,楊桃,
教主,kau3-tsu2,15,,教主,
驚惶,kiann1-hiann5,15,,驚慌,
光光,kng1-kng1,15,,,
媽祖,ma2-tsoo2,15,,媽祖,
心心,sim1-sim1,15,,,
相會,siong1-hue7,15,,相會,
收成,siu1-sing5,15,,收成,
受著,siu7-tioh8,15,,受到,
索仔,soh4-a2,15,,繩子,
桌頂,toh4-ting2,15,, 桌上,
賊仔,tshat8-a2,15,,小偷,
悽慘,tshi1-tsham2,15,,悽慘,
種作,tsing3-tsoh4,15,,耕作,
做人,tso3-lang5,15,,做人,
水雞,tsui2-ke1,15,,青蛙,
大海,tua7-hai2,15,,大海,
俺公,an2-kong1,14,,,
肉體,bah4-the2,14,,肉體,
勉強,bian2-kiong2,14,,勉強,
兄長,hing1-tiong2,14,,兄長,
遠遠,hng7-hng7,14,,遠遠,
華語,hua5-gi2,14,,華語,
和尚,hue5-siunn7,14,,和尚,
敢講,kam2-kong2,14,,難道,
教示,ka3-si7,14,, 教訓,
隔壁,keh4-piah4,14,,鄰居,
巨人,ki7-jin5,14,, 巨人,
鼻仔,phinn7-a2,14,, 鼻子,
瘦猴,san2-kau5,14,,瘦皮猴,
生相,senn1-siunn3,14,, 生肖,
閃爍,siam2-sih4,14,,閃爍,
輸贏,su1-iann5,14,,輸贏,
提著,theh8-tioh8,14,,拿著,
甜粿,tinn1-kue2,14,,甜年糕,
草地,tshau2-te7,14,,鄉下,
痴情,tshi1-tsing5,14,,痴情,
彰化,tsiong1-hua3,14,,彰化,
一時,tsit8-si5,14,,一時,
注射,tsu3-sia7,14,,打針,
牧童,bok8-tong5,13,,牧童,
外媽,gua7-ma2,13,,外婆,
吩咐,huan1-hu3,13,,吩咐,
忍耐,jim2-nai7,13,,忍耐,
規氣,kui1-khi3,13,,乾脆,
挵著,long3-tioh8,13,,撞到,
露螺,loo7-le5,13,,,
囉嗦,lo1-so1,13,,囉嗦,
毋願,m7-guan7,13,,不願,
兩百,nng7-pah4,13,,兩百 ,
祕密,pi3-bit8,13,,祕密,
保重,po2-tiong7,13,,保重,
掃帚,sau3-tshiu2,13,,掃帚,
雙手,siang1-tshiu2,13,,雙手,
四十,si3-tsap8,13,,四十,
通好,thang1-ho2,13,,,
壯士,tsong3-su7,13,,壯士,
水牛,tsui2-gu5,13,,水牛,
畫圖,ue7-too5,13,,畫圖,
阿美,a1-bi2,12,,,
夢中,bang7-tiong1,12,,夢中,
無人,bo5-lang5,12,, 沒人,
海上,hai2-siong7,12,,,
海水,hai2-tsui2,12,,海水,
恆春,hing5-tshun1,12,,,
歇熱,hioh4-juah8,12,,暑假,
恩師,in1-su1,12,,恩師,
到位,kau3-ui7,12,,,
客氣,kheh4-khi3,12,,客氣,
溪水,khe1-tsui2,12,,溪水,
起去,khi2-khi3,12,,上去,
各種,kok4-tsiong2,12,,各種,
懸懸,kuan5-kuan5,12,, 高高,
了了,liau2-liau2,12,,,
王妃,ong5-hui1,12,,王妃,
王爺,ong5-ia5,12,,王爺,
放學,pang3-oh8,12,,放學,
包仔,pau1-a2,12,,包子,
飯桶,png7-thang2,12,,飯桶,
序細,si7-se3,12,,晚輩,
修理,siu1-li2,12,,修理,
團圓,thuan5-inn5,12,,團圓,
電火,tian7-hue2,12,,電燈,
得著,tit4-tioh8,12,,得到,
親姆,tshenn1-m2,12,,親家母,
食著,tsiah8-tioh8,12,,吃到,
照著,tsio3-tioh8,12,, 照到,
祖先,tsoo2-sian1,12,,祖先,
水面,tsui2-bin7,12,,水面,
大橋,tua7-kio5,12,,大橋,
大大,tua7-tua7,12,,,
紅紅,ang5-ang5,11,,,
紅包,ang5-pau1,11,,紅包,
微微,bi5-bi5,11,,微微,
海面,hai2-bin7,11,,海面,
鳳山,hong7-suann1,11,,鳳山,
犯人,huan7-lang5,11,,犯人,
雲南,hun5-lam5,11,,雲南,
永生,ing2-sing1,11,,,
日語,jit8-gi2,11,,日語,
甘蔗,kam1-tsia3,11,,甘蔗,
??,khat4,11,,,
管訓,kuan2-hun3,11,,管訓,
垃圾,lah4-sap4,11,,,
禮貌,le2-mau7,11,,禮貌,
綿綿,mi5-mi5,11,,,
放手,pang3-tshiu2,11,,放手,
白雲,peh8-hun5,11,,白雲,
檳榔,pin1-nng5,11,,檳榔,
貧僧,pin5-tsing1,11,,貧僧,
半暝,puann3-me5,11,,半夜,
不可,put4-kho2,11,,不可,
三百,sann1-pah4,11,,,
收聽,siu1-thiann1,11,,收聽,
地名,te7-mia5,11,,地名,
趁食,than3-tsiah8,11,,討生活,
天星,thinn1-tshenn1,11,,天星,
豬肉,ti1-bah4,11,,豬肉,
竹仔,tik4-a2,11,,竹子,
弟弟,ti10tih4,11,,,
昨暗,tsa1-am3,11,,昨晚,
菜瓜,tshai3-kue1,11,,絲瓜,
青青,tshenn1-tshenn1,11,,綠綠的,
喙瀾,tshui3-nua7,11,, 口水,
村民,tshun1-bin5,11,,村民,
伸手,tshun1-tshiu2,11,,伸手,
出外,tshut4-gua7,11,,出外,
借過,tsioh4-kue3,11,,借過,
終點,tsiong1-tiam2,11,,終點,
做仙,tso3-sian1,11,,成仙,
船隻,tsun5-tsiah4,11,,船隻,
大廳,tua7-thiann1,11,,大廳,
有錢,u7-tsinn5,11,,,
目箍,bak8-khoo1,10,, 眼眶,
廟尪,bio7-ang1,10,,廟祝,
海口,hai2-khau2,10,,海口,
學兄,hak8-hing1,10,,學兄,
現時,hian7-si5,10,,現時,
賢弟,hian5-te7,10,,賢弟,
好料,ho2-liau7,10,,好料,
紅葉,hong5-iap8,10,,紅葉,
風雨,hong1-u2,10,,風雨,
鰗鰡,hoo5-liu1,10,,泥鰍,
雨水,hoo7-tsui2,10,,雨水,
煙火,ian1-hue2,10,,煙火,
藥房,ioh8-pang5,10,,藥房,
以早,i2-tsa2,10,,以前,
解救,kai2-kiu3,10,,解救,
客廳,kheh4-thiann1,10,,客廳,
徛鵝,khia7-go5,10,,企鵝,
弓蕉,king1-tsio1,10,,香蕉,
叫聲,kio3-siann1,10,,叫聲,
哥哥,ko1-koh4,10,,哥哥,
講起,kong2-khi2,10,,,
乖乖,kuai1-kuai1,10,,乖乖,
老爺,lau7-ia5,10,,老爺,
林場,lim5-tiunn5,10,,林場,
龍眼,ling5-ging2,10,,龍眼,
良心,liong5-sim1,10,,良心,
擂臺,lui5-tai5,10,,擂臺,
拜拜,pai3-pai3,10,,拜拜,
炮仔,phau3-a2,10,,鞭炮,
菝仔,puat8-a2,10,, 番石榴,
不能,put4-ling5,10,,不能,
佛祖,put8-tsoo2,10,,佛祖,
寫字,sia2-ji7,10,,寫字,
相親,siong3-tshin1,10,,相親,
大家,ta1-ke1,10,,婆婆,
頭名,thau5-mia5,10,,第一名,
疼惜,thiann3-sioh4,10,,疼惜,
天邊,thinn1-pinn1,10,,天邊,
糖廠,thng5-tshiunn2,10,,糖廠,
討海,tho2-hai2,10,,,
重卿,tiong5-khing1,10,,,
桌仔,toh4-a2,10,,桌子,
多多,to1-to1,10,,,
走去,tsau2-khi3,10,,,
臭頭,tshau3-thau5,10,,,
青草,tshenn1-tshau2,10,,青草,
笑詼,tshio3-khue1,10,,,
秋天,tshiu1-thinn1,10,,秋天,
初戀,tshoo1-luan5,10,,初戀,
喙仔,tshui3-a2,10,,嘴,
喙焦,tshui3-ta1,10,,口渴,
大雨,tua7-hoo7,10,,大雨,
阿男,a1-lam5,9,,,
鴟鴞,ba7-hioh8,9,,老鷹,
袂記,be7-ki3,9,,,
米粉,bi2-hun2,9,,米粉,
帽仔,bo7-a2,9,, 帽子,
武士,bu2-su7,9,,武士,
五百,goo7-pah4,9,,五百,
海邊,hai2-pinn1,9,,海邊,
漁船,hi5-tsun5,9,,漁船,
轟動,hong1-tong7,9,,轟動,
雨傘,hoo7-suann3,9,,雨傘,
好心,ho2-sim1,9,,,
薰吹,hun1-tshue1,9,,煙斗,
幼秀,iu3-siu3,9,,,
日出,jit8-tshut4,9,,日出,
嘉南,ka1-lam5,9,,嘉南,
咖哩,ka1-li2,9,,咖哩,
鉸刀,ka1-to1,9,,剪刀,
看過,khuann3-kue3,9,,看過,
看破,khuann3-phua3,9,,看破,
行行,kiann5-kiann5,9,,,
囝孫,kiann2-sun1,9,,子孫,
金剛,kim1-kong1,9,,金剛,
顧厝,koo3-tshu3,9,,,
難忘,lan5-bong7,9,,,
蘆洲,loo5-tsiu1,9,,蘆洲,
烏雲,oo1-hun5,9,,黑雲,
歹人,phainn2-lang5,9,,,
膨鼠,phong3-tshi2,9,, 松鼠,
簿仔,phoo7-a2,9,, 簿子,
表兄,piau2-hiann1,9,,表哥,
邊仔,pinn1-a2,9,,,
生湠,senn1-thuann3,9,,,
數想,siau3-siunn7,9,,,
釋迦,sik4-khia1,9,,釋迦,
山崙,suann1-lun7,9,,山丘,
山坪,suann1-phiann5,9,,,
四季,su3-kui3,9,,四季,
四序,su3-si7,9,,,
ta,ta1,9,,,
豆腐,tau7-hu7,9,,豆腐,
豆乾,tau7-kuann1,9,,豆干,
豆奶,tau7-ling1,9,, 豆漿,
短短,te2-te2,9,,短短,
泰國,thai3-kok4,9,,泰國,
窗仔,thang1-a2,9,, 窗子,
兔仔,thoo3-a2,9,,兔子,
店內,tiam3-lai7,9,,店內,
電鍋,tian7-ko1,9,,電鍋,
豬跤,ti1-kha1,9,,豬腳,
町子,ting1-tsu2,9,,,
甜甜,tinn1-tinn1,9,,甜甜,
中秋,tiong1-tshiu1,9,,中秋,
十萬,tsap8-ban7,9,,十萬,
田嬰,tshan5-enn1,9,, 蜻蜓,
晟養,tshiann5-iong2,9,, 撫養,
喙䫌,tshui3-phue2,9,,腮,
喙鬚,tshui3-tshiu1,9,,鬍鬚,
春風,tshun1-hong1,9,,春風,
厝頂,tshu3-ting2,9,, 屋頂,
前途,tsian5-too5,9,,前途,
這聲,tsit4-siann1,9,,,
總是,tsong2-si7,9,,總是,
怨恨,uan3-hun7,9,,怨恨,
啊無,ah4-bo5,8,,要不然,
愛人,ai3-jin5,8,,愛人,
按察,an3-tshat4,8,,,
袂得,be7-tit4,8,,,
明朝,bing5-tiau5,8,,明朝,
面子,bin7-tsu2,8,,面子,
無膽,bo5-tann2,8,,沒膽,
武功,bu2-kong1,8,,武功,
下頦,e7-hai5,8,,下巴,
攑頭,giah8-thau5,8,, 抬頭,
外家,gua7-ke1,8,,娘家,
原諒,guan5-liong7,8,,原諒,
月餅,gueh8-piann2,8,,月餅,
下課,ha7-kho3,8,,下課,
杭州,hang5-tsiu1,8,,杭州,
戲弄,hi3-lang7,8,,戲弄,
欣羨,him1-sian7,8,,羡慕,
胸坎,hing1-kham2,8,,胸膛,
皇上,hong5-siong7,8,,皇上,
好運,ho2-un7,8,,好運,
番麥,huan1-beh8,8,, 玉米,
岸邊,huann7-pinn1,8,,,
火雞,hue2-ke1,8,,火雞,
椅仔,i2-a2,8,, 椅子,
野狼,ia2-long5,8,,野狼,
緣份,ian5-hun7,8,,緣份,
妖怪,iau1-kuai3,8,,妖怪,
攪擾,kiau2-jiau2,8,, 打擾,
記號,ki3-ho7,8,,記號,
今仔,kin1-a2,8,,,
肩頭,king1-thau5,8,,肩膀,
講古,kong2-koo2,8,,說故事,
歌詩,kua1-si1,8,,詩歌,
舊曆,ku7-lik8,8,,農曆,
老板,lau7-pan2,8,,老板,
??,mooh4,8,,抱,
王府,ong5-hu2,8,,王府,
百姓,peh4-senn3,8,,百姓,
八十,peh4-tsap8,8,,八十,
拍球,phah4-kiu5,8,,打球,
冰角,ping1-kak4,8,,冰塊,
卜卦,pok4-kua3,8,,卜卦,
半路,puann3-loo7,8,,半路,
畚斗,pun3-tau2,8,,畚箕,
生死,senn1-si2,8,,生死,
??,sian7,8,,,
善良,sian7-liong5,8,,善良,
逍遙,siau1-iau5,8,,逍遙,
小子,siau2-tsu2,8,,小子,
死犯,si2-huan7,8,,死刑犯,
死去,si2-khi3,8,,,
序大,si7-tua7,8,,長輩,
鎖匙,so2-si5,8,,鑰匙,
礁溪,ta1-khe1,8,,礁溪,
提督,the5-tok4,8,,提督,
天常,thian1-siong5,8,,,
島嶼,to2-su7,8,,島嶼,
祭典,tse3-tian2,8,,祭典,
菜市,tshai3-tshi7,8,,菜市,
參詳,tsham1-siong5,8,,商量,
青燈,tshenn1-ting1,8,,綠燈,
粟仔,tshik4-a2,8,,,
清涼,tshing1-liang5,8,,清涼,
清芳,tshing1-phang1,8,,清香,
樹頂,tshiu7-ting2,8,,,
娶某,tshua7-boo2,8,, 娶妻,
指教,tsi2-kau3,8,,指教,
志氣,tsi3-khi3,8,,志氣,
這號,tsit4-lo7,8,,這個,
全全,tsuan5-tsuan5,8,,,
水底,tsui2-te2,8,,水底,
準時,tsun2-si5,8,,準時,
住手,tsu7-tshiu2,8,,住手,
圍爐,ui5-loo5,8,,圍爐,
鴨卵,ah4-nng7,7,, 鴨蛋,
愛著,ai3-tioh8,7,,,
掩崁,am1-kham3,7,, 掩蓋,
紅燈,ang5-ting1,7,,紅燈,
後改,au7-kai2,7,,下次,
後代,au7-tai7,7,,後代,
目眉,bak8-bai5,7,,眉毛,
夢著,bang7-tioh8,7,,夢到,
萬靈,ban7-ling5,7,,,
饅頭,ban2-tho5,7,,饅頭,
馬車,be2-tshia1,7,,馬車,
民俗,bin5-siok8,7,,民俗,
面桶,bin7-thang2,7,,臉盆,
茫茫,bong5-bong5,7,,茫茫,
武林,bu2-lim5,7,,武林,
癮頭,gian3-thau5,7,,呆瓜,
戇人,gong7-lang5,7,,傻瓜,
牛車,gu5-tshia1,7,,牛車,
海角,hai2-kak4,7,,海角,
害蟲,hai7-thang5,7,,害蟲,
漁民,hi5-bin5,7,,漁民,
漁港,hi5-kang2,7,,漁港,
鄉親,hiong1-tshin1,7,,鄉親,
香火,hiunn1-hue2,7,,香火,
好額,ho2-giah8,7,,富有,
福氣,hok4-khi3,7,,福氣,
豐滿,hong1-buan2,7,,豐滿,
否則,honn2-tsik4,7,,否則,
胡蠅,hoo5-sin5,7,,蒼蠅,
何必,ho5-pit4,7,,何必,
繁華,huan5-hua5,7,,繁華,
花枝,hue1-ki1,7,,花枝,
火災,hue2-tsai1,7,,火災,
粉圓,hun2-inn5,7,,粉圓,
分離,hun1-li7,7,,分離,
異鄉,i7-hiong1,7,,異鄉,
憂愁,iu1-tshiu5,7,,憂愁,
家鄉,ka1-hiong1,7,,家鄉,
叩見,khau3-kian3,7,,叩見,
氣功,khi3-kong1,7,,氣功,
勤儉,khin5-khiam7,7,,勤儉,
乞食,khit4-tsiah8,7,,乞丐,
苦瓜,khoo2-kue1,7,,苦瓜,
看看,khuann3-khuann3,7,,,
開門,khui1-mng5,7,,開門,
行踏,kiann5-tah8,7,,,
今日,kim1-jit8,7,,今天,
今生,kim1-sing1,7,,今生,
奇蹟,ki5-tsik4,7,,奇蹟,
光線,kng1-suann3,7,,光線,
國文,kok4-bun5,7,,國文,
國師,kok4-su1,7,,國師,
芥菜,kua3-tshai3,7,,芥菜,
過份,kue3-hun7,7,,過份,
規矩,kui1-ki2,7,,規矩,
滾水,kun2-tsui2,7,,開水,
來轉,lai5-tng2,7,,回家,
蘭陽,lan5-iang5,7,,蘭陽,
老大,lau2-tua7,7,,老大,
輾轉,lian3-tng2,7,,,
農村,long5-tshun1,7,,農村,
輪流,lun5-liu5,7,,輪流,
滿腹,mua2-pak4,7,,滿腹,
兩千,nng7-tshing1,7,,兩千,
北國,pak4-kok4,7,,北國,
北爿,pak4-ping5,7,,北邊,
白白,peh8-peh8,7,,,
白菜,peh8-tshai3,7,,白菜,
拍死,phah4-si2,7,, 打死,
芳芳,phang1-phang1,7,, 香香,
撇步,phiat4-poo7,7,, 好招,
破病,phua3-penn7,7,, 生病,
平原,ping5-guan5,7,, 平原,
寶劍,po2-kiam3,7,,寶劍,
報答,po3-tap4,7,,報答,
不准,put4-tsun2,7,,不准,
散赤,san3-tshiah4,7,, 貧窮,
散食,san3-tsiah8,7,,貧窮,
雙爿,siang1-ping5,7,, 兩邊,
啥款,siann2-khuan2,7,,怎麼樣,
少亮,siau3-liang7,7,,,
神秘,sin5-pi3,7,,神秘,
相拍,sio1-phah4,7,,打架,
死死,si2-si2,7,,,
相思,siunn1-si1,7,,相思,
山海,suann1-hai2,7,,山海,
書院,su1-inn7,7,,書院,
代代,tai7-tai7,7,,代代,
頕頭,tam3-thau5,7,, 點頭,
東京,tang1-kiann1,7,,東京,
等候,tan2-hau7,7,,等候,
第二,te7-li7,7,,第二,
他鄉,thann1-hiong1,7,,,
體貼,the2-thiap4,7,,體貼,
疼痛,thiann3-thang3,7,,,
沉重,tim5-tang7,7,,,
著急,tioh8-kip4,7,,,
著愛,toh8-ai3,7,,,
洞空,tong7-khang1,7,,洞穴,
同情,tong5-tsing5,7,,同情,
昨暝,tsa1-me5,7,,昨晚,
菜脯,tshai3-poo2,7,,菜脯,
炒飯,tsha2-png7,7,,炒飯,
初一,tshe1-it4,7,,初一,
車禍,tshia1-ho7,7,,車禍,
車路,tshia1-loo7,7,,車路,
千里,tshian1-li2,7,,千里,
春蘭,tshun1-lan5,7,,,
出聲,tshut4-siann1,7,,,
正港,tsiann3-kang2,7,,,
前程,tsian5-ting5,7,,前程,
狀元,tsiong7-guan5,7,,狀元,
庄內,tsng1-lai7,7,,村內,
哎唷,ai1-ioh4,6,,哎唷,
暗淡,am3-tam7,6,,暗淡,
盒仔,ap8-a2,6,,盒子,
木工,bak8-kang1,6,,木工,
免驚,bian2-kiann1,6,, 不用怕,
冥想,bing5-siong2,6,,冥想,
無效,bo5-hau7,6,,無效,
戇戇,gong7-gong7,6,,呆呆,
外公,gua7-kong1,6,,外公,
月台,guat8-tai5,6,,月台,
唉唷,haih4-ioh4,6,,唉唷,
海底,hai2-te2,6,,海底,
海菜,hai2-tshai3,6,,海菜,
現在,hian7-tsai7,6,,現在,
稀罕,hi1-han2,6,,稀罕,
好禮,ho2-le2,6,,好禮,
好話,ho2-ue7,6,,好話,
沿海,ian5-hai2,6,,沿海,
圓仔,inn5-a2,6,,圓仔,
圓圓,inn5-inn5,6,,圓圓,
甘甜,kam1-tinn1,6,,甘甜,
港口,kang2-khau2,6,,港口,
奸臣,kan1-sin5,6,,奸臣,
厚話,kau7-ue7,6,,多話,
徛家,khia7-ke1,6,,住家,
欺負,khi1-hu7,6,,欺負,
急救,kip4-kiu3,6,,急救,
功勞,kong1-lo5,6,,功勞,
古厝,koo2-tshu3,6,,古厝,
掛礙,kua3-gai7,6,,罣礙,
怪怪,kuai3-kuai3,6,,怪怪,
句型,ku3-hing5,6,,句型,
六月,lak8-gueh8,6,,六月,
犁犁,le5-le5,6,,,
掠著,liah8-tioh8,6,,抓到,
年年,ni5-ni5,6,,年年,
往事,ong2-su7,6,,往事,
烏陰,oo1-im1,6,,陰,
拜三,pai3-sann1,6,,拜三,
放伴,pang3-phuann7,6,,,
八田,pat4-tian5,6, D,,
擘金,peh4-kim1,6,,,
歹看,phainn2-khuann3,6,,難看,
皮鞋,phue5-e5,6,,皮鞋,
便若,pian7-na7,6,,,
平溪,ping5-khe1,6,,平溪,
寶物,po2-but8,6,,,
婆婆,po5-po5,6,,婆婆,
不孝,put4-hau3,6,,不孝,
司公,sai1-kong1,6,,,
山莊,san1-tsong1,6,,,
殺手,sat4-tshiu2,6,,殺手,
洗衫,se2-sann1,6,, 洗衣,
心事,sim1-su7,6,,心事,
新港,sin1-kang2,6,,新港,
小民,sio2-bin5,6,,,
傷悲,siong1-pi1,6,,悲傷,
傷著,siong1-tioh8,6,,傷到,
燒燒,sio1-sio1,6,,熱熱,
小小,sio2-sio2,6,,小小,
燒水,sio1-tsui2,6,,熱水,
山路,suann1-loo7,6,,山路,
山頭,suann1-thau5,6,,山頭,
宣召,suan1-tiau3,6,,,
大溪,tai7-khe1,6,,大溪,
代替,tai7-the3,6,,代替,
打扮,tann2-pan7,6,,打扮,
偷偷,thau1-thau1,6,,偷偷,
天忌,thian1-ki7,6,,,
天公,thinn1-kong1,6,,天公,
拖磨,thua1-bua5,6,,拖磨,
叮咚,ting1-tong1,6,,叮咚,
徒弟,too5-te7,6,,徒弟,
十分,tsap8-hun1,6,,十分,
濟濟,tse7-tse7,6,,,
姊姊,tse10tseh4,6,,姊姊,
田螺,tshan5-le5,6,,田螺,
操勞,tshau1-lo5,6,,操勞,
刺客,tshi3-khik4,6,,刺客,
清清,tshing1-tshing1,6,,清清,
喙脣,tshui3-tun5,6,,嘴脣,
前落,tsing5-loh8,6,,,
水庫,tsui2-khoo3,6,,水庫,
水路,tsui2-loo7,6,,水路,
煮飯,tsu2-png7,6,,煮飯,
煮食,tsu2-tsiah8,6,,煮食,
大條,tua7-tiau5,6,,大條,
大圳,tua7-tsun3,6,,大圳,
冤枉,uan1-ong2,6,,冤枉,
汙染,u1-jiam2,6,,汙染,
啊,ah4,2358,,,
啦,lah4,1836,,,
矣,ah4,1455,,,
喔,ooh4,1001,,,
呢,neh4,695,,,
咧,leh4,647,,,
乎,honnh4,463,,,
喂,ueh4,235,,,
唅,hannh4,234,,,
囉,looh4,212,,,
嗯,mh4,140,,,
那,na2,119,,,
嘿,heh4,107,,,
哇,uah4,71,,,
煮,tsu2,60,,,
哼,hngh4,58,,,
吧,pah4,58,,,
牢,tiau5,53,,,
唷,ioh4,42,,,
喂,eh4,40,,,
欉,tsang5,40,,,
嘛,mah4,39,,,
店,tiam3,38,,,
嗎,mah4,33,,,
田,tshan5,23,,,
諾,hioh4,21,,,
呔,thai3,21,,,
嘿,hennh4,20,,,
哎,aih4,19,,,
圍,ui5,19,,,
乃,nai2,16,,,
泔,am2,12,,,
e,e1,11,,,
屎,sai2,11,,,
罔,bong2,10,,,
與,i2,10,,,
離,li5,10,,,
兩,nioo2,10,,,
蚵,o5,10,,,
趖,so5,10,,,
趒,tio5,10,,,
桮,pue1,9,,,
弟,ti1,9,,,
弟,tih4,9,,,
晟,tshiann5,9,,,
麭,phang2,8,,,
衰,sue1,8,,,
臺,tai5,8,,,
澹,tam5,7,,,
咩,meh4,6,,,
冤,uan1,6,,,
